dist,value
0,2569.9970703125
1,2570.027099609375
2,2570.0400390625
3,2570.08203125
4,2570.1240234375
5,2570.135986328125
6,2570.1669921875
7,2570.177978515625
8,2570.215087890625
9,2570.236083984375
10,2570.236083984375
11,2570.257080078125
12,2570.279052734375
13,2570.239990234375
14,2570.236083984375
15,2570.236083984375
16,2570.199951171875
17,2570.33203125
18,2570.236083984375
19,2570.287109375
20,2570.287109375
21,2570.2099609375
22,2570.1669921875
23,2570.160888671875
24,2570.159912109375
25,2570.159912109375
26,2570.218994140625
27,2570.26806640625
28,2570.301025390625
29,2570.322021484375
30,2570.340087890625
31,2570.343994140625
32,2570.3330078125
33,2570.360107421875
34,2570.382080078125
35,2570.4208984375
36,2570.4541015625
37,2570.43505859375
38,2570.5380859375
39,2570.510986328125
40,2570.610107421875
41,2570.64306640625
42,2570.679931640625
43,2570.85888671875
44,2570.779052734375
45,2570.9609375
46,2570.987060546875
47,2570.6669921875
48,2570.60400390625
49,2570.81591796875
50,2570.98095703125
51,2570.551025390625
52,2570.72412109375
53,2570.72412109375
54,2570.93994140625
55,2571.156005859375
56,2571.27490234375
57,2571.31494140625
58,2571.31494140625
59,2571.177001953125
60,2571.01708984375
61,2570.947021484375
62,2570.787109375
63,2570.787109375
64,2570.9189453125
65,2571.14111328125
66,2571.22998046875
67,2571.4541015625
68,2571.4541015625
69,2571.677001953125
70,2571.64111328125
71,2571.597900390625
72,2571.54296875
73,2571.514892578125
74,2571.44189453125
75,2571.368896484375
76,2571.35791015625
77,2571.376953125
78,2571.409912109375
79,2571.5
80,2571.556884765625
81,2571.5869140625
82,2571.60009765625
83,2571.596923828125
84,2571.593994140625
85,2571.58203125
86,2571.592041015625
87,2571.5869140625
88,2571.594970703125
89,2571.60693359375
90,2571.614990234375
91,2571.614990234375
92,2571.64794921875
93,2571.81396484375
94,2571.885986328125
95,2572.014892578125
96,2572.014892578125
97,2572.113037109375
98,2572.277099609375
99,2572.35498046875
100,2572.3779296875
101,2572.3779296875
102,2572.340087890625
103,2572.294921875
104,2572.10595703125
105,2571.9130859375
106,2571.9130859375
107,2571.89306640625
108,2571.700927734375
109,2571.51611328125
110,2571.5869140625
111,2571.823974609375
112,2571.85888671875
113,2571.80810546875
114,2571.597900390625
115,2571.6640625
116,2571.5830078125
117,2571.572021484375
118,2571.657958984375
119,2571.595947265625
120,2571.659912109375
121,2571.625
122,2571.631103515625
123,2571.554931640625
124,2571.47412109375
125,2571.5419921875
126,2571.5400390625
127,2571.4599609375
128,2571.551025390625
129,2571.614990234375
130,2571.7109375
131,2571.72509765625
132,2571.791015625
133,2571.803955078125
134,2571.803955078125
135,2571.81005859375
136,2571.94189453125
137,2571.909912109375
138,2571.903076171875
139,2571.903076171875
140,2571.966064453125
141,2572.01708984375
142,2572.052001953125
143,2572.080078125
144,2572.095947265625
145,2572.10888671875
146,2572.137939453125
147,2572.15087890625
148,2572.181884765625
149,2572.197998046875
150,2572.221923828125
151,2572.27197265625
152,2572.300048828125
153,2572.261962890625
154,2572.205078125
155,2572.20703125
156,2572.179931640625
157,2572.214111328125
158,2572.240966796875
159,2572.302001953125
160,2572.3359375
161,2572.39697265625
162,2572.429931640625
163,2572.4580078125
164,2572.51904296875
165,2572.552001953125
166,2572.613037109375
167,2572.64599609375
168,2572.674072265625
169,2572.735107421875
170,2572.76806640625
171,2572.8291015625
172,2572.875
173,2572.875
174,2572.904052734375
175,2572.964111328125
176,2572.991943359375
177,2573.092041015625
178,2573.096923828125
179,2573.2490234375
180,2573.25390625
181,2573.35107421875
182,2573.388916015625
183,2573.403076171875
184,2573.447998046875
185,2573.443115234375
186,2573.447998046875
187,2573.423095703125
188,2573.410888671875
189,2573.403076171875
190,2573.402099609375
191,2573.427001953125
192,2573.424072265625
193,2573.388916015625
194,2573.39111328125
195,2573.419921875
196,2573.443115234375
197,2573.431884765625
198,2573.466064453125
199,2573.47802734375
200,2573.47900390625
201,2573.488037109375
202,2573.49609375
203,2573.489990234375
204,2573.47900390625
205,2573.48291015625
206,2573.48291015625
207,2573.489990234375
208,2573.490966796875
209,2573.498046875
210,2573.506103515625
211,2573.506103515625
212,2573.512939453125
213,2573.512939453125
214,2573.52099609375
215,2573.528076171875
216,2573.528076171875
217,2573.535888671875
218,2573.535888671875
219,2573.54296875
220,2573.550048828125
221,2573.551025390625
222,2573.55810546875
223,2573.55908203125
224,2573.56591796875
225,2573.572998046875
226,2573.572998046875
227,2573.5810546875
228,2573.5810546875
229,2573.587890625
230,2573.594970703125
231,2573.595947265625
232,2573.60302734375
233,2573.60400390625
234,2573.611083984375
235,2573.617919921875
236,2573.617919921875
237,2573.6259765625
238,2573.633056640625
239,2573.634033203125
240,2573.64111328125
241,2573.64111328125
242,2573.64794921875
243,2573.656005859375
244,2573.656005859375
245,2573.658935546875
246,2573.6630859375
247,2573.6708984375
248,2573.674072265625
249,2573.674072265625
250,2573.676025390625
251,2573.68603515625
252,2573.68994140625
253,2573.69091796875
254,2573.69091796875
255,2573.69189453125
256,2573.705078125
257,2573.70703125
258,2573.7080078125
259,2573.7080078125
260,2573.7099609375
261,2573.72412109375
262,2573.718994140625
263,2573.7119140625
264,2573.697998046875
265,2573.64599609375
266,2573.594970703125
267,2573.4970703125
268,2573.66796875
269,2573.6630859375
270,2573.676025390625
271,2573.68896484375
272,2573.697021484375
273,2573.718994140625
274,2573.743896484375
275,2573.7470703125
276,2573.68798828125
277,2573.666015625
278,2573.719970703125
279,2573.662109375
280,2573.656005859375
281,2573.573974609375
282,2573.573974609375
283,2573.75390625
284,2573.867919921875
285,2573.89404296875
286,2573.95703125
287,2573.95703125
288,2574.0810546875
289,2574.05810546875
290,2574.125
291,2574.19189453125
292,2574.19189453125
293,2574.214111328125
294,2574.23193359375
295,2574.242919921875
296,2574.25390625
297,2574.25390625
298,2574.27587890625
299,2574.362060546875
300,2574.412109375
301,2574.4970703125
302,2574.4970703125
303,2574.5830078125
304,2574.66796875
305,2574.693115234375
306,2574.7451171875
307,2574.743896484375
308,2574.791015625
309,2574.737060546875
310,2574.7041015625
311,2574.7470703125
312,2574.81591796875
313,2574.83203125
314,2574.825927734375
315,2574.8330078125
316,2574.847900390625
317,2574.847900390625
318,2574.867919921875
319,2574.887939453125
320,2574.889892578125
321,2574.907958984375
322,2574.909912109375
323,2574.929931640625
324,2574.949951171875
325,2574.949951171875
326,2574.972900390625
327,2574.98291015625
328,2574.9951171875
329,2575.0
330,2575.0
331,2575.031005859375
332,2575.044921875
333,2575.0439453125
334,2575.05908203125
335,2575.05908203125
336,2575.072998046875
337,2575.0869140625
338,2575.0859375
339,2575.10009765625
340,2575.10009765625
341,2575.114990234375
342,2575.12890625
343,2575.1279296875
344,2575.092041015625
345,2575.092041015625
346,2575.10009765625
347,2575.138916015625
348,2575.1279296875
349,2575.133056640625
350,2575.1220703125
351,2575.137939453125
352,2575.153076171875
353,2575.1630859375
354,2575.16796875
355,2575.16796875
356,2575.156982421875
357,2575.160888671875
358,2575.172119140625
359,2575.20703125
360,2575.257080078125
361,2575.18603515625
362,2575.220947265625
363,2575.237060546875
364,2575.27490234375
365,2575.258056640625
366,2575.285888671875
367,2575.27392578125
368,2575.27392578125
369,2575.287109375
370,2575.319091796875
371,2575.326904296875
372,2575.368896484375
373,2575.368896484375
374,2575.39404296875
375,2575.39599609375
376,2575.389892578125
377,2575.407958984375
378,2575.407958984375
379,2575.416015625
380,2575.387939453125
381,2575.39599609375
382,2575.443115234375
383,2575.443115234375
384,2575.5458984375
385,2575.528076171875
386,2575.537109375
387,2575.530029296875
388,2575.531005859375
389,2575.512939453125
390,2575.52587890625
391,2575.406982421875
392,2575.3759765625
393,2575.428955078125
394,2575.445068359375
395,2575.498046875
396,2575.512939453125
397,2575.550048828125
398,2575.60205078125
399,2575.616943359375
400,2575.66796875
401,2575.68310546875
402,2575.719970703125
403,2575.737060546875
404,2575.739013671875
405,2575.75390625
406,2575.756103515625
407,2575.76806640625
408,2575.778076171875
409,2575.780029296875
410,2575.778076171875
411,2575.778076171875
412,2575.722900390625
413,2575.697998046875
414,2575.702880859375
415,2575.7099609375
416,2575.7099609375
417,2575.77490234375
418,2575.8291015625
419,2575.84912109375
420,2575.903076171875
421,2575.94091796875
422,2575.990966796875
423,2576.027099609375
424,2576.02197265625
425,2576.056884765625
426,2576.097900390625
427,2576.093017578125
428,2576.12890625
429,2576.1240234375
430,2576.157958984375
431,2576.169921875
432,2576.153076171875
433,2576.15087890625
434,2576.134033203125
435,2576.14990234375
436,2576.14794921875
437,2576.159912109375
438,2576.180908203125
439,2576.202880859375
440,2576.205078125
441,2576.22900390625
442,2576.251953125
443,2576.27587890625
444,2576.298095703125
445,2576.300048828125
446,2576.323974609375
447,2576.346923828125
448,2576.37109375
449,2576.39404296875
450,2576.39501953125
451,2576.4189453125
452,2576.44189453125
453,2576.466064453125
454,2576.468017578125
455,2576.489990234375
456,2576.513916015625
457,2576.537109375
458,2576.56103515625
459,2576.56298828125
460,2576.527099609375
461,2576.488037109375
462,2576.485107421875
463,2576.551025390625
464,2576.58203125
465,2576.616943359375
466,2576.68408203125
467,2576.718994140625
468,2576.784912109375
469,2576.7919921875
470,2576.820068359375
471,2576.85791015625
472,2576.887939453125
473,2576.89599609375
474,2576.93408203125
475,2576.964111328125
476,2577.001953125
477,2577.031982421875
478,2577.0400390625
479,2577.077880859375
480,2577.10791015625
481,2577.14599609375
482,2577.18994140625
483,2577.18994140625
484,2577.243896484375
485,2577.2451171875
486,2577.256103515625
487,2577.26806640625
488,2577.26806640625
489,2577.279052734375
490,2577.280029296875
491,2577.291015625
492,2577.302001953125
493,2577.302001953125
494,2577.31396484375
495,2577.33203125
496,2577.281982421875
497,2577.279052734375
498,2577.236083984375
499,2577.304931640625
500,2577.37109375
501,2577.300048828125
502,2577.2900390625
503,2577.202880859375
504,2577.306884765625
505,2577.39990234375
506,2577.51904296875
507,2577.509033203125
508,2577.52099609375
509,2577.52392578125
510,2577.537109375
511,2577.554931640625
512,2577.571044921875
513,2577.5830078125
514,2577.612060546875
515,2577.639892578125
516,2577.639892578125
517,2577.68505859375
518,2577.68505859375
519,2577.72509765625
520,2577.7900390625
521,2577.7900390625
522,2577.81494140625
523,2577.803955078125
524,2577.9130859375
525,2577.718994140625
526,2577.718994140625
527,2577.662109375
528,2577.68310546875
529,2577.68505859375
530,2577.677001953125
531,2577.677001953125
532,2577.657958984375
533,2577.64990234375
534,2577.6640625
535,2577.68505859375
536,2577.654052734375
537,2577.660888671875
538,2577.68896484375
539,2577.72998046875
540,2577.742919921875
541,2577.7548828125
542,2577.7548828125
543,2577.759033203125
544,2577.760009765625
545,2577.758056640625
546,2577.759033203125
547,2577.779052734375
548,2577.8369140625
549,2577.81689453125
550,2577.819091796875
551,2577.785888671875
552,2577.7529296875
553,2577.89404296875
554,2577.888916015625
555,2577.97900390625
556,2577.919921875
557,2577.947998046875
558,2577.910888671875
559,2577.910888671875
560,2577.97705078125
561,2577.9970703125
562,2577.945068359375
563,2577.886962890625
564,2577.886962890625
565,2577.839111328125
566,2577.8359375
567,2577.94091796875
568,2577.962890625
569,2577.962890625
570,2577.97900390625
571,2577.95703125
572,2577.971923828125
573,2577.988037109375
574,2577.988037109375
575,2578.00390625
576,2578.02001953125
577,2577.9970703125
578,2578.0048828125
579,2577.972900390625
580,2577.919921875
581,2577.923095703125
582,2577.9140625
583,2577.97705078125
584,2578.001953125
585,2577.989990234375
586,2577.992919921875
587,2577.986083984375
588,2578.01708984375
589,2578.010986328125
590,2578.035888671875
591,2578.06103515625
592,2578.054931640625
593,2578.0869140625
594,2578.080078125
595,2578.10595703125
596,2578.131103515625
597,2578.125
598,2578.156005859375
599,2578.152099609375
600,2578.195068359375
601,2578.238037109375
602,2578.238037109375
603,2578.281005859375
604,2578.322998046875
605,2578.35107421875
606,2578.388916015625
607,2578.388916015625
608,2578.427978515625
609,2578.466064453125
610,2578.487060546875
611,2578.52490234375
612,2578.52490234375
613,2578.56298828125
614,2578.60205078125
615,2578.6220703125
616,2578.660888671875
617,2578.660888671875
618,2578.698974609375
619,2578.72412109375
620,2578.7080078125
621,2578.721923828125
622,2578.7080078125
623,2578.7080078125
624,2578.70703125
625,2578.693115234375
626,2578.70703125
627,2578.719970703125
628,2578.738037109375
629,2578.77099609375
630,2578.7509765625
631,2578.6630859375
632,2578.718017578125
633,2578.60595703125
634,2578.60400390625
635,2578.5791015625
636,2578.568115234375
637,2578.571044921875
638,2578.573974609375
639,2578.6298828125
640,2578.631103515625
641,2578.68505859375
642,2578.596923828125
643,2578.5849609375
644,2578.56103515625
645,2578.56103515625
646,2578.7099609375
647,2578.616943359375
648,2578.699951171875
649,2578.798095703125
650,2578.798095703125
651,2578.94189453125
652,2578.927001953125
653,2578.81103515625
654,2578.843994140625
655,2578.843994140625
656,2578.799072265625
657,2578.85400390625
658,2578.784912109375
659,2578.843994140625
660,2578.843994140625
661,2578.821044921875
662,2578.990966796875
663,2579.0849609375
664,2578.958984375
665,2579.052978515625
666,2579.055908203125
667,2579.010986328125
668,2578.925048828125
669,2578.9609375
670,2578.965087890625
671,2578.9560546875
672,2578.98291015625
673,2578.97412109375
674,2579.010986328125
675,2579.037109375
676,2579.02490234375
677,2579.044921875
678,2579.032958984375
679,2579.06494140625
680,2579.0849609375
681,2579.072998046875
682,2579.093994140625
683,2579.093994140625
684,2579.18408203125
685,2579.14599609375
686,2579.166015625
687,2579.125
688,2579.125
689,2579.132080078125
690,2579.18994140625
691,2579.2099609375
692,2579.237060546875
693,2579.237060546875
694,2579.242919921875
695,2579.2490234375
696,2579.27587890625
697,2579.281005859375
698,2579.260009765625
699,2579.287109375
700,2579.27587890625
701,2579.283935546875
702,2579.3310546875
703,2579.368896484375
704,2579.3779296875
705,2579.426025390625
706,2579.43896484375
707,2579.48388671875
708,2579.5419921875
709,2579.5419921875
710,2579.60009765625
711,2579.59912109375
712,2579.657958984375
713,2579.716064453125
714,2579.716064453125
715,2579.77392578125
716,2579.77294921875
717,2579.83203125
718,2579.889892578125
719,2579.888916015625
720,2579.947021484375
721,2579.947021484375
722,2579.965087890625
723,2579.98291015625
724,2579.962890625
725,2579.919921875
726,2579.919921875
727,2579.89892578125
728,2579.97802734375
729,2580.033935546875
730,2580.12890625
731,2580.1689453125
732,2580.22412109375
733,2580.239990234375
734,2580.125
735,2580.154052734375
736,2580.176025390625
737,2580.23291015625
738,2580.333984375
739,2580.443115234375
740,2580.534912109375
741,2580.530029296875
742,2580.6259765625
743,2580.718017578125
744,2580.81396484375
745,2580.784912109375
746,2580.79296875
747,2580.757080078125
748,2580.719970703125
749,2580.716064453125
750,2580.824951171875
751,2580.827880859375
752,2580.8359375
753,2580.842041015625
754,2580.823974609375
755,2580.847900390625
756,2580.84912109375
757,2580.8359375
758,2580.842041015625
759,2580.81103515625
760,2580.81103515625
761,2580.757080078125
762,2580.8291015625
763,2580.77392578125
764,2580.718994140625
765,2580.718994140625
766,2580.73193359375
767,2580.740966796875
768,2580.77490234375
769,2580.799072265625
770,2580.806884765625
771,2580.801025390625
772,2580.660888671875
773,2580.47509765625
774,2580.444091796875
775,2580.2900390625
776,2580.39794921875
777,2580.656982421875
778,2580.875
779,2580.85693359375
780,2580.7939453125
781,2580.708984375
782,2580.6650390625
783,2580.52294921875
784,2580.571044921875
785,2580.455078125
786,2580.637939453125
787,2580.60791015625
788,2580.701904296875
789,2580.696044921875
790,2580.737060546875
791,2580.760009765625
792,2580.7548828125
793,2580.7548828125
794,2580.7919921875
795,2580.85693359375
796,2580.89208984375
797,2580.7919921875
798,2580.7919921875
799,2580.821044921875
800,2580.8798828125
801,2580.94091796875
802,2581.001953125
803,2581.001953125
804,2581.06396484375
805,2581.123046875
806,2581.181884765625
807,2581.215087890625
808,2581.215087890625
809,2581.242919921875
810,2581.22607421875
811,2581.2470703125
812,2581.284912109375
813,2581.26806640625
814,2581.2890625
815,2581.306884765625
816,2581.387939453125
817,2581.455078125
818,2581.51904296875
819,2581.56689453125
820,2581.55908203125
821,2581.552978515625
822,2581.552001953125
823,2581.544921875
824,2581.530029296875
825,2581.493896484375
826,2581.498046875
827,2581.48193359375
828,2581.486083984375
829,2581.48193359375
830,2581.488037109375
831,2581.488037109375
832,2581.492919921875
833,2581.5009765625
834,2581.506103515625
835,2581.510009765625
836,2581.510009765625
837,2581.52294921875
838,2581.530029296875
839,2581.534912109375
840,2581.5400390625
841,2581.5400390625
842,2581.5439453125
843,2581.552001953125
844,2581.555908203125
845,2581.56103515625
846,2581.56103515625
847,2581.56494140625
848,2581.572998046875
849,2581.583984375
850,2581.597900390625
851,2581.597900390625
852,2581.613037109375
853,2581.626953125
854,2581.62890625
855,2581.613037109375
856,2581.5458984375
857,2581.341064453125
858,2581.31689453125
859,2581.39697265625
860,2581.347900390625
861,2581.33203125
862,2581.235107421875
863,2581.2880859375
864,2581.2958984375
865,2581.384033203125
866,2581.341064453125
867,2581.43896484375
868,2581.51708984375
869,2581.51611328125
870,2581.54296875
871,2581.56201171875
872,2581.635009765625
873,2581.653076171875
874,2581.653076171875
875,2581.64794921875
876,2581.659912109375
877,2581.655029296875
878,2581.64990234375
879,2581.64990234375
880,2581.64599609375
881,2581.656982421875
882,2581.652099609375
883,2581.866943359375
884,2581.866943359375
885,2581.864990234375
886,2581.863037109375
887,2581.863037109375
888,2581.861083984375
889,2581.861083984375
890,2581.85888671875
891,2581.89501953125
892,2581.89599609375
893,2581.955078125
894,2581.955078125
895,2582.007080078125
896,2581.9208984375
897,2581.944091796875
898,2581.958984375
899,2581.98193359375
900,2582.02099609375
901,2582.05908203125
902,2582.0830078125
903,2582.097900390625
904,2582.12109375
905,2582.158935546875
906,2582.197998046875
907,2582.220947265625
908,2582.236083984375
909,2582.1220703125
910,2581.679931640625
911,2582.132080078125
912,2582.070068359375
913,2582.073974609375
914,2582.10888671875
915,2581.989990234375
916,2581.949951171875
917,2581.949951171875
918,2581.909912109375
919,2581.927978515625
920,2582.0029296875
921,2582.12890625
922,2582.12890625
923,2582.26806640625
924,2582.406005859375
925,2582.470947265625
926,2582.60888671875
927,2582.60888671875
928,2582.64404296875
929,2582.591064453125
930,2582.587890625
931,2582.576904296875
932,2582.576904296875
933,2582.615966796875
934,2582.51806640625
935,2582.48291015625
936,2582.44091796875
937,2582.34912109375
938,2582.4560546875
939,2582.3349609375
940,2582.4169921875
941,2582.508056640625
942,2582.56201171875
943,2582.781982421875
944,2582.948974609375
945,2583.012939453125
946,2582.992919921875
947,2583.031982421875
948,2583.06298828125
949,2583.06396484375
950,2583.177978515625
951,2583.068115234375
952,2583.14404296875
953,2583.15087890625
954,2583.157958984375
955,2583.153076171875
956,2583.123046875
957,2583.0810546875
958,2583.0830078125
959,2583.06396484375
960,2583.06396484375
961,2583.14794921875
962,2583.06201171875
963,2583.02490234375
964,2583.06201171875
965,2583.06201171875
966,2583.1220703125
967,2583.10498046875
968,2583.2109375
969,2583.256103515625
970,2583.256103515625
971,2583.260986328125
972,2583.14794921875
973,2583.1708984375
974,2583.216064453125
975,2583.239990234375
976,2583.263916015625
977,2583.31201171875
978,2583.3369140625
979,2583.361083984375
980,2583.408935546875
981,2583.43408203125
982,2583.47509765625
983,2583.49609375
984,2583.514892578125
985,2583.554931640625
986,2583.575927734375
987,2583.615966796875
988,2583.636962890625
989,2583.64306640625
990,2583.501953125
991,2583.44091796875
992,2583.48095703125
993,2583.490966796875
994,2583.528076171875
995,2583.575927734375
996,2583.5859375
997,2583.633056640625
998,2583.64404296875
999,2583.680908203125
1000,2583.72802734375
1001,2583.738037109375
1002,2583.785888671875
1003,2583.785888671875
1004,2583.8330078125
1005,2583.881103515625
1006,2583.89111328125
1007,2583.93798828125
1008,2583.97607421875
1009,2583.986083984375
1010,2584.032958984375
1011,2584.04296875
1012,2584.091064453125
1013,2584.1279296875
1014,2584.137939453125
1015,2584.18603515625
1016,2584.196044921875
1017,2584.242919921875
1018,2584.281005859375
1019,2584.291015625
1020,2584.337890625
1021,2584.347900390625
1022,2584.385009765625
1023,2584.43310546875
1024,2584.443115234375
1025,2584.489990234375
1026,2584.5009765625
1027,2584.533935546875
1028,2584.572998046875
1029,2584.587890625
1030,2584.626953125
1031,2584.64208984375
1032,2584.666015625
1033,2584.73388671875
1034,2584.75390625
1035,2584.77099609375
1036,2584.7451171875
1037,2584.7451171875
1038,2584.718994140625
1039,2584.845947265625
1040,2584.89501953125
1041,2584.902099609375
1042,2584.944091796875
1043,2584.990966796875
1044,2585.010009765625
1045,2585.02490234375
1046,2585.02490234375
1047,2585.06494140625
1048,2585.115966796875
1049,2585.156005859375
1050,2585.2060546875
1051,2585.215087890625
1052,2585.2509765625
1053,2585.2958984375
1054,2585.323974609375
1055,2585.35791015625
1056,2585.409912109375
1057,2585.39990234375
1058,2585.464111328125
1059,2585.4619140625
1060,2585.52001953125
1061,2585.572998046875
1062,2585.625
1063,2585.527099609375
1064,2585.513916015625
1065,2585.60400390625
1066,2585.60400390625
1067,2585.548095703125
1068,2585.47802734375
1069,2585.5048828125
1070,2585.5048828125
1071,2585.532958984375
1072,2585.5380859375
1073,2585.62890625
1074,2585.633056640625
1075,2585.633056640625
1076,2585.654052734375
1077,2585.680908203125
1078,2585.697998046875
1079,2585.907958984375
1080,2585.907958984375
1081,2586.14306640625
1082,2586.34912109375
1083,2586.62109375
1084,2586.68798828125
1085,2586.89306640625
1086,2587.1650390625
1087,2587.3701171875
1088,2587.64208984375
1089,2587.708984375
1090,2587.9150390625
1091,2588.18701171875
1092,2588.25390625
1093,2588.4208984375
1094,2588.593017578125
1095,2588.60498046875
1096,2588.80908203125
1097,2589.035888671875
1098,2589.032958984375
1099,2589.08203125
1100,2589.43408203125
1101,2589.818115234375
1102,2589.8798828125
1103,2589.802978515625
1104,2589.757080078125
1105,2589.695068359375
1106,2589.72412109375
1107,2589.827880859375
1108,2589.827880859375
1109,2589.93310546875
1110,2589.989013671875
1111,2590.02099609375
1112,2589.989013671875
1113,2589.989013671875
1114,2589.95703125
1115,2589.946044921875
1116,2589.9140625
1117,2589.986083984375
1118,2589.986083984375
1119,2590.1669921875
1120,2590.093994140625
1121,2590.027099609375
1122,2590.154052734375
1123,2590.154052734375
1124,2590.09912109375
1125,2590.0029296875
1126,2590.159912109375
1127,2590.14794921875
1128,2590.35400390625
1129,2590.547119140625
1130,2590.68896484375
1131,2590.72900390625
1132,2590.5048828125
1133,2590.5458984375
1134,2590.48095703125
1135,2590.5380859375
1136,2590.64208984375
1137,2590.6240234375
1138,2590.735107421875
1139,2590.89306640625
1140,2591.052001953125
1141,2591.1630859375
1142,2591.14892578125
1143,2591.23388671875
1144,2591.300048828125
1145,2591.366943359375
1146,2591.451904296875
1147,2591.43310546875
1148,2591.51806640625
1149,2591.55908203125
1150,2591.52197265625
1151,2591.52197265625
1152,2591.486083984375
1153,2591.492919921875
1154,2591.4560546875
1155,2591.4189453125
1156,2591.4189453125
1157,2591.3701171875
1158,2591.381103515625
1159,2591.388916015625
1160,2591.35888671875
1161,2591.35888671875
1162,2591.2919921875
1163,2591.22607421875
1164,2591.205078125
1165,2591.138916015625
1166,2591.138916015625
1167,2591.072998046875
1168,2591.006103515625
1169,2591.001953125
1170,2590.966064453125
1171,2590.967041015625
1172,2590.931884765625
1173,2590.89697265625
1174,2590.89794921875
1175,2590.862060546875
1176,2590.863037109375
1177,2590.79296875
1178,2590.614990234375
1179,2590.47607421875
1180,2590.43798828125
1181,2590.299072265625
1182,2590.12109375
1183,2589.943115234375
1184,2589.803955078125
1185,2589.76611328125
1186,2589.6259765625
1187,2589.448974609375
1188,2589.27099609375
1189,2589.27099609375
1190,2589.093994140625
1191,2588.916015625
1192,2588.777099609375
1193,2588.59912109375
1194,2588.59912109375
1195,2588.422119140625
1196,2588.258056640625
1197,2588.152099609375
1198,2588.029052734375
1199,2588.029052734375
1200,2587.906005859375
1201,2587.781982421875
1202,2587.677001953125
1203,2587.553955078125
1204,2587.553955078125
1205,2587.429931640625
1206,2587.346923828125
1207,2587.404052734375
1208,2587.47412109375
1209,2587.47412109375
1210,2587.5419921875
1211,2587.610107421875
1212,2587.6640625
1213,2587.677978515625
1214,2587.73193359375
1215,2587.800048828125
1216,2587.867919921875
1217,2587.9208984375
1218,2587.93603515625
1219,2587.989990234375
1220,2588.056884765625
1221,2588.125
1222,2588.178955078125
1223,2588.194091796875
1224,2588.261962890625
1225,2588.31494140625
1226,2588.383056640625
1227,2588.43701171875
1228,2588.450927734375
1229,2588.51904296875
1230,2588.572998046875
1231,2588.64111328125
1232,2588.64111328125
1233,2588.696044921875
1234,2588.73291015625
1235,2588.779052734375
1236,2588.81689453125
1237,2588.81689453125
1238,2588.85400390625
1239,2588.89208984375
1240,2588.93701171875
1241,2588.97509765625
1242,2588.97509765625
1243,2589.011962890625
1244,2589.050048828125
1245,2589.094970703125
1246,2589.0029296875
1247,2589.0029296875
1248,2588.77587890625
1249,2588.60302734375
1250,2588.6708984375
1251,2588.736083984375
1252,2588.73388671875
1253,2588.802001953125
1254,2588.866943359375
1255,2588.949951171875
1256,2588.991943359375
1257,2589.1279296875
1258,2589.220947265625
1259,2589.35595703125
1260,2589.449951171875
1261,2589.491943359375
1262,2589.626953125
1263,2589.719970703125
1264,2589.85595703125
1265,2589.948974609375
1266,2589.990966796875
1267,2590.126953125
1268,2590.219970703125
1269,2590.35498046875
1270,2590.448974609375
1271,2590.490966796875
1272,2590.6259765625
1273,2590.719970703125
1274,2590.85498046875
1275,2590.85498046875
1276,2590.989990234375
1277,2591.1259765625
1278,2591.218994140625
1279,2591.35498046875
1280,2591.35498046875
1281,2591.489990234375
1282,2591.625
1283,2591.718994140625
1284,2591.85400390625
1285,2591.89599609375
1286,2591.989990234375
1287,2592.125
1288,2592.218994140625
1289,2592.35400390625
1290,2592.39599609375
1291,2592.489013671875
1292,2592.625
1293,2592.718017578125
1294,2592.760009765625
1295,2592.89599609375
1296,2592.989013671875
1297,2593.1240234375
1298,2593.218017578125
1299,2593.260009765625
1300,2593.39501953125
1301,2593.489013671875
1302,2593.60498046875
1303,2593.655029296875
1304,2593.697021484375
1305,2593.7880859375
1306,2593.839111328125
1307,2593.929931640625
1308,2593.98095703125
1309,2594.02197265625
1310,2594.114013671875
1311,2594.1650390625
1312,2594.279052734375
1313,2594.339111328125
1314,2594.360107421875
1315,2594.281005859375
1316,2594.2958984375
1317,2594.27197265625
1318,2594.221923828125
1319,2594.20703125
1320,2594.260986328125
1321,2594.202880859375
1322,2594.22802734375
1323,2594.26904296875
1324,2594.0830078125
1325,2593.64111328125
1326,2593.43896484375
1327,2592.9580078125
1328,2592.705078125
1329,2592.511962890625
1330,2592.47705078125
1331,2592.48095703125
1332,2592.49609375
1333,2592.467041015625
1334,2592.468994140625
1335,2592.470947265625
1336,2592.47509765625
1337,2592.486083984375
1338,2592.51611328125
1339,2592.51904296875
1340,2592.570068359375
1341,2592.5869140625
1342,2592.635009765625
1343,2592.714111328125
1344,2592.635009765625
1345,2592.410888671875
1346,2592.511962890625
1347,2592.511962890625
1348,2592.590087890625
1349,2592.506103515625
1350,2592.51708984375
1351,2592.5458984375
1352,2592.5458984375
1353,2592.510986328125
1354,2592.472900390625
1355,2592.485107421875
1356,2592.6689453125
1357,2592.6689453125
1358,2592.947021484375
1359,2593.117919921875
1360,2593.39599609375
1361,2593.583984375
1362,2593.674072265625
1363,2593.85693359375
1364,2593.882080078125
1365,2593.77294921875
1366,2593.677001953125
1367,2593.705078125
1368,2593.72509765625
1369,2593.738037109375
1370,2593.7958984375
1371,2593.804931640625
1372,2593.9208984375
1373,2594.14404296875
1374,2594.2080078125
1375,2594.260009765625
1376,2594.30908203125
1377,2594.375
1378,2594.39697265625
1379,2594.43310546875
1380,2594.43310546875
1381,2594.49609375
1382,2594.5458984375
1383,2594.60205078125
1384,2594.656982421875
1385,2594.656982421875
1386,2594.64990234375
1387,2594.657958984375
1388,2594.696044921875
1389,2594.718994140625
1390,2594.718994140625
1391,2594.52294921875
1392,2594.343994140625
1393,2594.43896484375
1394,2594.56494140625
1395,2594.56494140625
1396,2594.623046875
1397,2594.696044921875
1398,2594.950927734375
1399,2595.136962890625
1400,2595.136962890625
1401,2595.27099609375
1402,2595.39501953125
1403,2595.64599609375
1404,2595.75
1405,2595.827880859375
1406,2595.93603515625
1407,2595.85107421875
1408,2595.759033203125
1409,2595.739013671875
1410,2595.5810546875
1411,2595.299072265625
1412,2595.22705078125
1413,2595.27392578125
1414,2595.364990234375
1415,2595.426025390625
1416,2595.5009765625
1417,2595.511962890625
1418,2595.531005859375
1419,2595.535888671875
1420,2595.56396484375
1421,2595.60205078125
1422,2595.632080078125
1423,2595.632080078125
1424,2595.674072265625
1425,2595.659912109375
1426,2595.7060546875
1427,2595.760009765625
1428,2595.760009765625
1429,2595.777099609375
1430,2595.761962890625
1431,2595.762939453125
1432,2595.76708984375
1433,2595.76708984375
1434,2595.845947265625
1435,2595.843994140625
1436,2595.9951171875
1437,2596.007080078125
1438,2596.007080078125
1439,2596.092041015625
1440,2596.117919921875
1441,2596.10498046875
1442,2596.14501953125
1443,2596.132080078125
1444,2596.22705078125
1445,2596.427001953125
1446,2596.55908203125
1447,2596.587890625
1448,2596.719970703125
1449,2596.881103515625
1450,2597.0419921875
1451,2597.174072265625
1452,2597.2041015625
1453,2597.3349609375
1454,2597.60400390625
1455,2597.947021484375
1456,2598.14404296875
1457,2598.2060546875
1458,2598.48095703125
1459,2599.054931640625
1460,2599.527099609375
1461,2599.864013671875
1462,2599.9169921875
1463,2600.0458984375
1464,2600.054931640625
1465,2600.033935546875
1466,2600.033935546875
1467,2600.034912109375
1468,2599.97998046875
1469,2600.033935546875
1470,2600.131103515625
1471,2600.131103515625
1472,2600.22802734375
1473,2600.324951171875
1474,2600.363037109375
1475,2600.4609375
1476,2600.4609375
1477,2600.55810546875
1478,2600.655029296875
1479,2600.693115234375
1480,2600.7900390625
1481,2600.7900390625
1482,2600.886962890625
1483,2600.985107421875
1484,2601.028076171875
1485,2601.08203125
1486,2601.132080078125
1487,2601.236083984375
1488,2601.340087890625
1489,2601.416015625
1490,2601.444091796875
1491,2601.52001953125
1492,2601.7490234375
1493,2602.06689453125
1494,2602.0380859375
1495,2602.047119140625
1496,2602.02490234375
1497,2601.989013671875
1498,2601.952880859375
1499,2601.929931640625
1500,2601.9169921875
1501,2601.85107421875
1502,2601.833984375
1503,2601.89111328125
1504,2601.90087890625
1505,2601.89892578125
1506,2601.904052734375
1507,2601.964111328125
1508,2601.93994140625
1509,2601.93994140625
1510,2601.85205078125
1511,2601.839111328125
1512,2601.844970703125
1513,2601.83203125
1514,2601.83203125
1515,2601.819091796875
1516,2601.805908203125
1517,2601.81201171875
1518,2601.799072265625
1519,2601.799072265625
1520,2601.781982421875
1521,2601.827880859375
1522,2601.85693359375
1523,2601.89111328125
1524,2601.89111328125
1525,2601.924072265625
1526,2601.9580078125
1527,2601.986083984375
1528,2601.966064453125
1529,2601.89208984375
1530,2601.64892578125
1531,2601.493896484375
1532,2601.465087890625
1533,2601.493896484375
1534,2601.594970703125
1535,2601.666015625
1536,2601.76904296875
1537,2601.81298828125
1538,2601.801025390625
1539,2601.720947265625
1540,2601.589111328125
1541,2601.72607421875
1542,2601.719970703125
1543,2601.783935546875
1544,2602.136962890625
1545,2602.422119140625
1546,2602.389892578125
1547,2602.306884765625
1548,2602.193115234375
1549,2601.9970703125
1550,2601.94189453125
1551,2601.868896484375
1552,2601.868896484375
1553,2601.81494140625
1554,2601.7529296875
1555,2601.701904296875
1556,2601.66796875
1557,2601.66796875
1558,2601.656982421875
1559,2601.64599609375
1560,2601.662109375
1561,2601.64990234375
1562,2601.6220703125
1563,2601.637939453125
1564,2601.669921875
1565,2602.076904296875
1566,2603.2080078125
1567,2603.617919921875
1568,2604.927001953125
1569,2605.823974609375
1570,2606.155029296875
1571,2606.178955078125
1572,2606.532958984375
1573,2606.925048828125
1574,2607.176025390625
1575,2607.361083984375
1576,2607.169921875
1577,2607.4599609375
1578,2607.653076171875
1579,2608.06005859375
1580,2608.304931640625
1581,2608.35009765625
1582,2608.56494140625
1583,2608.77099609375
1584,2608.89111328125
1585,2608.631103515625
1586,2608.8330078125
1587,2608.77490234375
1588,2609.10400390625
1589,2609.27001953125
1590,2609.27001953125
1591,2609.556884765625
1592,2609.717041015625
1593,2609.718017578125
1594,2609.825927734375
1595,2609.85302734375
1596,2609.9169921875
1597,2610.006103515625
1598,2610.10400390625
1599,2610.24609375
1600,2610.2900390625
1601,2610.387939453125
1602,2610.530029296875
1603,2610.6279296875
1604,2610.77001953125
1605,2610.81396484375
1606,2610.912109375
1607,2611.053955078125
1608,2611.153076171875
1609,2611.569091796875
1610,2611.552978515625
1611,2611.625
1612,2611.626953125
1613,2611.825927734375
1614,2612.09912109375
1615,2612.751953125
1616,2613.02001953125
1617,2613.988037109375
1618,2614.39697265625
1619,2614.404052734375
1620,2614.60888671875
1621,2614.927978515625
1622,2615.89208984375
1623,2617.260009765625
1624,2617.260009765625
1625,2618.259033203125
1626,2618.866943359375
1627,2619.947021484375
1628,2620.4208984375
1629,2620.4208984375
1630,2620.85400390625
1631,2621.406005859375
1632,2621.840087890625
1633,2621.719970703125
1634,2622.27294921875
1635,2622.612060546875
1636,2622.85693359375
1637,2623.083984375
1638,2622.97900390625
1639,2623.294921875
1640,2623.39306640625
1641,2623.907958984375
1642,2624.034912109375
1643,2623.574951171875
1644,2623.85595703125
1645,2623.739990234375
1646,2624.111083984375
1647,2623.781005859375
1648,2623.2548828125
1649,2623.365966796875
1650,2623.15087890625
1651,2623.427001953125
1652,2623.35498046875
1653,2623.35693359375
1654,2623.44091796875
1655,2623.35791015625
1656,2623.366943359375
1657,2623.366943359375
1658,2623.33203125
1659,2623.39111328125
1660,2622.931884765625
1661,2623.028076171875
1662,2623.028076171875
1663,2623.2470703125
1664,2623.510986328125
1665,2623.7529296875
1666,2624.00390625
1667,2624.00390625
1668,2624.259033203125
1669,2624.510009765625
1670,2624.763916015625
1671,2625.083984375
1672,2625.083984375
1673,2625.177001953125
1674,2625.20703125
1675,2625.073974609375
1676,2624.781982421875
1677,2624.926025390625
1678,2624.69189453125
1679,2624.889892578125
1680,2625.199951171875
1681,2625.1669921875
1682,2625.5048828125
1683,2625.81005859375
1684,2626.093994140625
1685,2626.22705078125
1686,2626.278076171875
1687,2626.48291015625
1688,2626.491943359375
1689,2626.697998046875
1690,2626.886962890625
1691,2626.885009765625
1692,2626.947021484375
1693,2626.9560546875
1694,2626.868896484375
1695,2626.868896484375
1696,2626.9150390625
1697,2626.9150390625
1698,2626.825927734375
1699,2626.7080078125
1700,2626.7080078125
1701,2626.62109375
1702,2626.62109375
1703,2626.60888671875
1704,2626.52294921875
1705,2626.52294921875
1706,2626.43310546875
1707,2626.43994140625
1708,2626.2919921875
1709,2626.364990234375
1710,2626.364990234375
1711,2626.423095703125
1712,2626.511962890625
1713,2626.60009765625
1714,2626.5439453125
1715,2626.5439453125
1716,2626.610107421875
1717,2626.89306640625
1718,2627.118896484375
1719,2627.175048828125
1720,2627.40087890625
1721,2627.531982421875
1722,2627.594970703125
1723,2627.833984375
1724,2627.7060546875
1725,2627.955078125
1726,2628.136962890625
1727,2628.320068359375
1728,2628.569091796875
1729,2628.501953125
1730,2628.7509765625
1731,2628.93408203125
1732,2629.115966796875
1733,2629.364990234375
1734,2629.298095703125
1735,2629.547119140625
1736,2629.72998046875
1737,2629.90087890625
1738,2629.90087890625
1739,2629.7890625
1740,2629.818115234375
1741,2630.135009765625
1742,2630.31005859375
1743,2630.31005859375
1744,2630.27392578125
1745,2630.43505859375
1746,2630.257080078125
1747,2630.447998046875
1748,2630.447998046875
1749,2630.597900390625
1750,2630.7470703125
1751,2631.110107421875
1752,2631.27392578125
1753,2631.27392578125
1754,2631.6259765625
1755,2631.97900390625
1756,2632.60693359375
1757,2633.344970703125
1758,2633.344970703125
1759,2633.5048828125
1760,2633.422119140625
1761,2633.376953125
1762,2633.339111328125
1763,2633.29296875
1764,2633.2099609375
1765,2633.126953125
1766,2633.0830078125
1767,2633.0439453125
1768,2632.9990234375
1769,2632.965087890625
1770,2632.97900390625
1771,2632.9990234375
1772,2632.993896484375
1773,2633.02587890625
1774,2632.85302734375
1775,2632.85205078125
1776,2632.907958984375
1777,2632.873046875
1778,2632.77490234375
1779,2632.81103515625
1780,2632.784912109375
1781,2632.784912109375
1782,2632.762939453125
1783,2632.884033203125
1784,2632.98193359375
1785,2633.18408203125
1786,2633.18408203125
1787,2633.511962890625
1788,2633.818115234375
1789,2633.95703125
1790,2634.2509765625
1791,2634.2509765625
1792,2634.51708984375
1793,2634.712890625
1794,2634.740966796875
1795,2634.885009765625
1796,2634.885009765625
1797,2634.85009765625
1798,2634.885986328125
1799,2635.012939453125
1800,2634.991943359375
1801,2634.991943359375
1802,2635.10693359375
1803,2635.240966796875
1804,2635.343994140625
1805,2635.3359375
1806,2635.43408203125
1807,2635.5400390625
1808,2635.614013671875
1809,2635.75390625
1810,2635.81689453125
1811,2635.951904296875
1812,2636.041015625
1813,2636.387939453125
1814,2636.467041015625
1815,2636.47900390625
1816,2636.700927734375
1817,2636.845947265625
1818,2637.26611328125
1819,2637.4580078125
1820,2637.62890625
1821,2638.114013671875
1822,2638.12890625
1823,2638.18798828125
1824,2638.18798828125
1825,2638.24609375
1826,2638.304931640625
1827,2638.320068359375
1828,2638.37890625
1829,2638.37890625
1830,2638.56005859375
1831,2638.841064453125
1832,2638.822998046875
1833,2638.821044921875
1834,2638.821044921875
1835,2638.819091796875
1836,2638.81591796875
1837,2638.906005859375
1838,2639.010009765625
1839,2638.91796875
1840,2639.19189453125
1841,2639.56298828125
1842,2639.89892578125
1843,2639.930908203125
1844,2640.300048828125
1845,2640.614013671875
1846,2640.718994140625
1847,2640.72900390625
1848,2640.68408203125
1849,2640.81494140625
1850,2640.85107421875
1851,2640.7939453125
1852,2640.85693359375
1853,2640.89990234375
1854,2641.123046875
1855,2641.327880859375
1856,2641.656982421875
1857,2641.83203125
1858,2641.72412109375
1859,2641.887939453125
1860,2642.008056640625
1861,2642.19091796875
1862,2642.261962890625
1863,2642.300048828125
1864,2642.383056640625
1865,2642.322998046875
1866,2642.4140625
1867,2642.4140625
1868,2642.27294921875
1869,2642.1630859375
1870,2642.044921875
1871,2642.324951171875
1872,2642.175048828125
1873,2642.412109375
1874,2642.4990234375
1875,2642.737060546875
1876,2642.968017578125
1877,2643.029052734375
1878,2643.31396484375
1879,2643.5791015625
1880,2643.864013671875
1881,2644.12890625
1882,2644.110107421875
1883,2644.298095703125
1884,2644.364013671875
1885,2644.464111328125
1886,2644.382080078125
1887,2644.45703125
1888,2644.47802734375
1889,2644.614990234375
1890,2644.948974609375
1891,2644.89794921875
1892,2645.096923828125
1893,2645.425048828125
1894,2645.85009765625
1895,2646.174072265625
1896,2646.27587890625
1897,2646.700927734375
1898,2646.8291015625
1899,2646.81201171875
1900,2646.80908203125
1901,2646.80908203125
1902,2646.886962890625
1903,2646.85107421875
1904,2646.889892578125
1905,2646.781982421875
1906,2646.781982421875
1907,2646.903076171875
1908,2646.818115234375
1909,2646.909912109375
1910,2646.93994140625
1911,2646.907958984375
1912,2646.9951171875
1913,2647.097900390625
1914,2647.51708984375
1915,2647.73193359375
1916,2648.06201171875
1917,2648.323974609375
1918,2648.6669921875
1919,2648.94189453125
1920,2648.93701171875
1921,2649.097900390625
1922,2649.10888671875
1923,2649.18798828125
1924,2649.248046875
1925,2649.548095703125
1926,2650.06396484375
1927,2650.930908203125
1928,2651.201904296875
1929,2651.570068359375
1930,2652.27099609375
1931,2652.85498046875
1932,2653.59912109375
1933,2653.85302734375
1934,2653.85302734375
1935,2654.028076171875
1936,2653.972900390625
1937,2654.02001953125
1938,2654.160888671875
1939,2654.160888671875
1940,2654.302978515625
1941,2654.306884765625
1942,2654.47802734375
1943,2654.639892578125
1944,2654.639892578125
1945,2654.763916015625
1946,2654.865966796875
1947,2654.9609375
1948,2654.906982421875
1949,2654.9951171875
1950,2655.156005859375
1951,2655.2109375
1952,2655.530029296875
1953,2655.64208984375
1954,2655.760986328125
1955,2655.992919921875
1956,2656.12109375
1957,2656.35400390625
1958,2656.4560546875
1959,2656.5869140625
1960,2656.7919921875
1961,2656.865966796875
1962,2657.208984375
1963,2657.258056640625
1964,2657.347900390625
1965,2657.52099609375
1966,2657.758056640625
1967,2657.929931640625
1968,2658.197998046875
1969,2658.430908203125
1970,2658.464111328125
1971,2658.466064453125
1972,2658.466064453125
1973,2658.30908203125
1974,2658.287109375
1975,2658.376953125
1976,2658.447021484375
1977,2658.447021484375
1978,2658.365966796875
1979,2658.43798828125
1980,2658.50390625
1981,2658.5458984375
1982,2658.5458984375
1983,2658.81396484375
1984,2658.89111328125
1985,2659.06298828125
1986,2659.208984375
1987,2659.208984375
1988,2659.52099609375
1989,2659.64697265625
1990,2659.944091796875
1991,2660.243896484375
1992,2660.469970703125
1993,2660.7470703125
1994,2660.865966796875
1995,2660.916015625
1996,2660.779052734375
1997,2660.791015625
1998,2660.843994140625
1999,2660.657958984375
2000,2660.636962890625
2001,2660.635009765625
2002,2661.049072265625
2003,2661.3740234375
2004,2661.698974609375
2005,2662.095947265625
2006,2662.02392578125
2007,2662.4208984375
2008,2662.74609375
2009,2663.595947265625
2010,2664.5029296875
2011,2664.4951171875
2012,2665.488037109375
2013,2666.448974609375
2014,2667.093994140625
2015,2667.093994140625
2016,2667.738037109375
2017,2668.1640625
2018,2668.697021484375
2019,2669.22900390625
2020,2669.22900390625
2021,2669.574951171875
2022,2669.6640625
2023,2669.7880859375
2024,2670.055908203125
2025,2670.055908203125
2026,2670.279052734375
2027,2670.493896484375
2028,2670.56396484375
2029,2670.873046875
2030,2670.873046875
2031,2671.31298828125
2032,2671.568115234375
2033,2671.554931640625
2034,2671.7470703125
2035,2671.819091796875
2036,2672.0859375
2037,2672.280029296875
2038,2672.033935546875
2039,2672.14306640625
2040,2672.011962890625
2041,2672.508056640625
2042,2673.0048828125
2043,2673.160888671875
2044,2673.472900390625
2045,2673.73095703125
2046,2675.093994140625
2047,2676.469970703125
2048,2677.114013671875
2049,2677.846923828125
2050,2678.50390625
2051,2679.89501953125
2052,2681.27197265625
2053,2681.678955078125
2054,2681.7041015625
2055,2681.925048828125
2056,2682.126953125
2057,2682.3720703125
2058,2682.3720703125
2059,2682.653076171875
2060,2682.969970703125
2061,2683.26611328125
2062,2683.529052734375
2063,2683.529052734375
2064,2683.79296875
2065,2684.01904296875
2066,2684.2900390625
2067,2684.305908203125
2068,2684.305908203125
2069,2684.322021484375
2070,2684.25390625
2071,2684.47509765625
2072,2684.56591796875
2073,2684.56591796875
2074,2684.656982421875
2075,2684.739013671875
2076,2685.02392578125
2077,2684.760009765625
2078,2685.044921875
2079,2685.06298828125
2080,2685.08203125
2081,2685.35791015625
2082,2685.02197265625
2083,2685.333984375
2084,2685.403076171875
2085,2685.51806640625
2086,2685.926025390625
2087,2685.737060546875
2088,2685.985107421875
2089,2686.4189453125
2090,2686.721923828125
2091,2687.18310546875
2092,2687.031982421875
2093,2687.115966796875
2094,2687.428955078125
2095,2687.5791015625
2096,2687.5791015625
2097,2687.73095703125
2098,2687.883056640625
2099,2688.18798828125
2100,2688.26806640625
2101,2688.26806640625
2102,2688.549072265625
2103,2688.823974609375
2104,2689.047119140625
2105,2689.323974609375
2106,2689.323974609375
2107,2689.404052734375
2108,2689.444091796875
2109,2689.49609375
2110,2689.535888671875
2111,2689.535888671875
2112,2689.43408203125
2113,2689.43798828125
2114,2689.485107421875
2115,2689.87109375
2116,2689.928955078125
2117,2690.056884765625
2118,2689.97998046875
2119,2689.7890625
2120,2689.780029296875
2121,2689.926025390625
2122,2689.93896484375
2123,2689.97412109375
2124,2690.02392578125
2125,2689.875
2126,2689.9140625
2127,2690.06396484375
2128,2690.10205078125
2129,2690.193115234375
2130,2690.0849609375
2131,2689.83203125
2132,2689.822998046875
2133,2689.68310546875
2134,2689.985107421875
2135,2689.820068359375
2136,2689.868896484375
2137,2689.993896484375
2138,2689.988037109375
2139,2689.988037109375
2140,2690.118896484375
2141,2690.166015625
2142,2690.35009765625
2143,2690.39794921875
2144,2690.39794921875
2145,2690.6201171875
2146,2690.486083984375
2147,2690.592041015625
2148,2690.593994140625
2149,2690.512939453125
2150,2690.553955078125
2151,2690.590087890625
2152,2690.695068359375
2153,2690.97900390625
2154,2690.955078125
2155,2691.10791015625
2156,2691.237060546875
2157,2691.405029296875
2158,2691.56005859375
2159,2691.65087890625
2160,2691.93994140625
2161,2692.277099609375
2162,2692.39111328125
2163,2692.452880859375
2164,2693.069091796875
2165,2693.52587890625
2166,2694.050048828125
2167,2694.322021484375
2168,2694.3349609375
2169,2694.62109375
2170,2694.97412109375
2171,2695.324951171875
2172,2695.381103515625
2173,2695.35107421875
2174,2695.637939453125
2175,2695.950927734375
2176,2696.333984375
2177,2696.5439453125
2178,2696.591064453125
2179,2696.923095703125
2180,2697.10400390625
2181,2697.4990234375
2182,2697.492919921875
2183,2698.14404296875
2184,2698.8779296875
2185,2699.548095703125
2186,2700.301025390625
2187,2700.10693359375
2188,2700.8798828125
2189,2701.458984375
2190,2701.708984375
2191,2701.970947265625
2192,2702.282958984375
2193,2702.906005859375
2194,2703.837890625
2195,2704.0830078125
2196,2704.52001953125
2197,2704.6630859375
2198,2704.95703125
2199,2705.282958984375
2200,2705.429931640625
2201,2705.5380859375
2202,2705.7080078125
2203,2705.751953125
2204,2705.89208984375
2205,2705.98193359375
2206,2706.031005859375
2207,2706.193115234375
2208,2706.4140625
2209,2707.322998046875
2210,2708.15087890625
2211,2708.15087890625
2212,2708.467041015625
2213,2708.75390625
2214,2708.840087890625
2215,2708.7060546875
2216,2708.7060546875
2217,2708.784912109375
2218,2708.659912109375
2219,2708.784912109375
2220,2708.7890625
2221,2708.7890625
2222,2708.801025390625
2223,2708.751953125
2224,2708.693115234375
2225,2708.741943359375
2226,2708.7890625
2227,2708.907958984375
2228,2709.14794921875
2229,2709.591064453125
2230,2709.718017578125
2231,2710.31298828125
2232,2711.14990234375
2233,2711.590087890625
2234,2712.175048828125
2235,2712.402099609375
2236,2712.736083984375
2237,2713.18310546875
2238,2713.375
2239,2713.81103515625
2240,2713.930908203125
2241,2714.089111328125
2242,2714.506103515625
2243,2714.962890625
2244,2714.962890625
2245,2715.458984375
2246,2715.883056640625
2247,2716.39990234375
2248,2716.919921875
2249,2716.919921875
2250,2717.52197265625
2251,2717.8701171875
2252,2718.31201171875
2253,2718.7509765625
2254,2718.7509765625
2255,2719.093017578125
2256,2719.35693359375
2257,2719.675048828125
2258,2720.008056640625
2259,2720.008056640625
2260,2720.15087890625
2261,2720.135986328125
2262,2720.14306640625
2263,2720.068115234375
2264,2720.068115234375
2265,2720.02490234375
2266,2719.97802734375
2267,2719.9150390625
2268,2719.864013671875
2269,2719.862060546875
2270,2719.98095703125
2271,2720.007080078125
2272,2720.076904296875
2273,2720.09912109375
2274,2720.14404296875
2275,2720.153076171875
2276,2720.416015625
2277,2720.739990234375
2278,2720.72509765625
2279,2721.18408203125
2280,2721.364990234375
2281,2721.93310546875
2282,2722.427001953125
2283,2722.552001953125
2284,2722.860107421875
2285,2723.2060546875
2286,2723.552001953125
2287,2723.552001953125
2288,2723.89697265625
2289,2724.2041015625
2290,2724.51904296875
2291,2724.81298828125
2292,2724.81298828125
2293,2724.93603515625
2294,2724.925048828125
2295,2724.971923828125
2296,2725.02099609375
2297,2725.02099609375
2298,2725.472900390625
2299,2725.696044921875
2300,2726.054931640625
2301,2726.426025390625
2302,2726.426025390625
2303,2726.75
2304,2726.868896484375
2305,2726.905029296875
2306,2726.93310546875
2307,2726.93310546875
2308,2726.971923828125
2309,2726.968994140625
2310,2727.0
2311,2727.014892578125
2312,2726.985107421875
2313,2727.01611328125
2314,2726.9970703125
2315,2727.012939453125
2316,2727.01904296875
2317,2726.968017578125
2318,2726.781005859375
2319,2727.10888671875
2320,2727.424072265625
2321,2727.47998046875
2322,2727.794921875
2323,2728.35498046875
2324,2729.030029296875
2325,2729.51806640625
2326,2729.64111328125
2327,2730.10888671875
2328,2730.6689453125
2329,2731.261962890625
2330,2731.261962890625
2331,2731.89599609375
2332,2732.344970703125
2333,2732.625
2334,2733.008056640625
2335,2733.008056640625
2336,2733.39599609375
2337,2733.784912109375
2338,2733.972900390625
2339,2734.35498046875
2340,2734.35498046875
2341,2734.5009765625
2342,2734.40087890625
2343,2734.285888671875
2344,2734.2119140625
2345,2734.2119140625
2346,2733.9970703125
2347,2733.907958984375
2348,2733.865966796875
2349,2733.919921875
2350,2733.84912109375
2351,2733.885986328125
2352,2734.262939453125
2353,2734.60693359375
2354,2734.678955078125
2355,2735.006103515625
2356,2735.574951171875
2357,2736.14599609375
2358,2736.471923828125
2359,2736.618896484375
2360,2736.822021484375
2361,2737.117919921875
2362,2737.5048828125
2363,2737.537109375
2364,2737.60888671875
2365,2737.7529296875
2366,2737.843994140625
2367,2738.282958984375
2368,2738.6630859375
2369,2738.844970703125
2370,2739.406982421875
2371,2739.73193359375
2372,2739.672119140625
2373,2739.672119140625
2374,2739.549072265625
2375,2739.697021484375
2376,2739.882080078125
2377,2740.114013671875
2378,2740.114013671875
2379,2740.4541015625
2380,2740.7939453125
2381,2741.154052734375
2382,2741.4990234375
2383,2741.4990234375
2384,2742.0
2385,2742.5009765625
2386,2742.989013671875
2387,2743.64111328125
2388,2743.64111328125
2389,2744.4619140625
2390,2745.012939453125
2391,2745.2890625
2392,2745.373046875
2393,2745.64501953125
2394,2745.989990234375
2395,2746.39794921875
2396,2746.60791015625
2397,2746.716064453125
2398,2746.7509765625
2399,2746.75
2400,2746.69091796875
2401,2746.64306640625
2402,2746.718017578125
2403,2746.77294921875
2404,2746.73095703125
2405,2746.906005859375
2406,2746.85107421875
2407,2747.1220703125
2408,2747.31494140625
2409,2747.37890625
2410,2747.444091796875
2411,2747.458984375
2412,2747.556884765625
2413,2747.779052734375
2414,2747.988037109375
2415,2748.2900390625
2416,2748.2900390625
2417,2748.138916015625
2418,2748.256103515625
2419,2748.320068359375
2420,2748.468017578125
2421,2748.468017578125
2422,2748.614990234375
2423,2748.7919921875
2424,2748.675048828125
2425,2748.583984375
2426,2748.902099609375
2427,2749.032958984375
2428,2749.37890625
2429,2749.47607421875
2430,2749.779052734375
2431,2749.845947265625
2432,2750.008056640625
2433,2750.139892578125
2434,2750.2451171875
2435,2750.14404296875
2436,2750.14990234375
2437,2750.5009765625
2438,2750.69091796875
2439,2751.173095703125
2440,2751.291015625
2441,2751.344970703125
2442,2751.68310546875
2443,2752.173095703125
2444,2752.31103515625
2445,2752.4541015625
2446,2752.697998046875
2447,2752.884033203125
2448,2753.0419921875
2449,2752.843017578125
2450,2753.02099609375
2451,2753.555908203125
2452,2753.633056640625
2453,2753.7451171875
2454,2753.80908203125
2455,2753.946044921875
2456,2754.157958984375
2457,2754.18505859375
2458,2754.31201171875
2459,2754.3779296875
2460,2754.737060546875
2461,2755.177001953125
2462,2755.37109375
2463,2755.39892578125
2464,2755.49609375
2465,2755.489990234375
2466,2755.613037109375
2467,2755.8779296875
2468,2756.091064453125
2469,2756.0390625
2470,2756.25
2471,2756.739990234375
2472,2756.743896484375
2473,2756.824951171875
2474,2756.885009765625
2475,2756.89990234375
2476,2757.028076171875
2477,2757.10302734375
2478,2757.172119140625
2479,2757.362060546875
2480,2757.4970703125
2481,2757.7958984375
2482,2757.883056640625
2483,2758.0810546875
2484,2758.2451171875
2485,2758.580078125
2486,2758.64306640625
2487,2759.194091796875
2488,2759.194091796875
2489,2759.388916015625
2490,2759.4619140625
2491,2759.6220703125
2492,2759.89599609375
2493,2759.89599609375
2494,2760.3740234375
2495,2760.700927734375
2496,2761.0380859375
2497,2761.069091796875
2498,2761.22705078125
2499,2761.416015625
2500,2761.534912109375
2501,2761.341064453125
2502,2761.450927734375
2503,2761.60400390625
2504,2761.866943359375
2505,2762.05810546875
2506,2762.35009765625
2507,2762.416015625
2508,2762.528076171875
2509,2762.60400390625
2510,2762.833984375
2511,2763.073974609375
2512,2763.157958984375
2513,2763.072998046875
2514,2763.157958984375
2515,2763.43896484375
2516,2763.800048828125
2517,2763.862060546875
2518,2763.93603515625
2519,2764.4189453125
2520,2764.577880859375
2521,2764.577880859375
2522,2764.717041015625
2523,2764.822998046875
2524,2764.819091796875
2525,2764.989013671875
2526,2764.989013671875
2527,2765.1259765625
2528,2765.277099609375
2529,2765.55810546875
2530,2765.452880859375
2531,2765.452880859375
2532,2765.635986328125
2533,2765.73095703125
2534,2765.693115234375
2535,2765.9189453125
2536,2765.9189453125
2537,2766.212890625
2538,2766.133056640625
2539,2766.48193359375
2540,2766.41796875
2541,2766.56298828125
2542,2766.60693359375
2543,2766.81005859375
2544,2766.87890625
2545,2766.887939453125
2546,2766.907958984375
2547,2767.072021484375
2548,2767.7470703125
2549,2767.75
2550,2767.68798828125
2551,2767.73388671875
2552,2768.125
2553,2768.364990234375
2554,2768.39306640625
2555,2768.49609375
2556,2768.471923828125
2557,2768.4150390625
2558,2768.625
2559,2768.68408203125
2560,2768.680908203125
2561,2768.718017578125
2562,2768.77392578125
2563,2768.94189453125
2564,2768.94189453125
2565,2769.10498046875
2566,2769.14501953125
2567,2769.4140625
2568,2769.9189453125
2569,2769.9189453125
2570,2770.39306640625
2571,2770.51708984375
2572,2770.881103515625
2573,2771.133056640625
2574,2771.133056640625
2575,2771.444091796875
2576,2771.487060546875
2577,2771.616943359375
2578,2771.947021484375
2579,2771.947021484375
2580,2772.3330078125
2581,2772.7060546875
2582,2772.906982421875
2583,2773.013916015625
2584,2773.299072265625
2585,2773.739990234375
2586,2774.1298828125
2587,2774.248046875
2588,2774.345947265625
2589,2774.511962890625
2590,2774.843017578125
2591,2775.10888671875
2592,2775.237060546875
2593,2775.262939453125
2594,2775.431884765625
2595,2775.595947265625
2596,2775.89501953125
2597,2775.9970703125
2598,2776.10595703125
2599,2776.14501953125
2600,2776.39501953125
2601,2776.781982421875
2602,2776.781982421875
2603,2777.14111328125
2604,2777.27099609375
2605,2777.677978515625
2606,2778.407958984375
2607,2778.407958984375
2608,2779.072021484375
2609,2779.365966796875
2610,2779.868896484375
2611,2780.281005859375
2612,2780.281005859375
2613,2780.764892578125
2614,2781.300048828125
2615,2781.47900390625
2616,2782.052001953125
2617,2782.052001953125
2618,2782.677978515625
2619,2783.092041015625
2620,2783.280029296875
2621,2783.577880859375
2622,2783.577880859375
2623,2783.7890625
2624,2784.0400390625
2625,2784.0419921875
2626,2784.069091796875
2627,2784.220947265625
2628,2784.239990234375
2629,2784.613037109375
2630,2784.7890625
2631,2784.822998046875
2632,2784.985107421875
2633,2785.156005859375
2634,2785.177978515625
2635,2785.1201171875
2636,2785.090087890625
2637,2785.2509765625
2638,2785.388916015625
2639,2785.553955078125
2640,2785.5419921875
2641,2785.573974609375
2642,2785.785888671875
2643,2785.85791015625
2644,2786.073974609375
2645,2786.073974609375
2646,2786.0859375
2647,2786.08203125
2648,2786.14306640625
2649,2786.23291015625
2650,2786.23291015625
2651,2786.596923828125
2652,2787.056884765625
2653,2787.202880859375
2654,2787.60791015625
2655,2787.60791015625
2656,2788.008056640625
2657,2788.462890625
2658,2788.654052734375
2659,2789.0390625
2660,2789.0390625
2661,2789.31396484375
2662,2789.48193359375
2663,2789.39208984375
2664,2789.489013671875
2665,2789.489013671875
2666,2789.717041015625
2667,2789.8759765625
2668,2789.949951171875
2669,2790.031005859375
2670,2790.0458984375
2671,2789.760009765625
2672,2790.160888671875
2673,2790.470947265625
2674,2790.569091796875
2675,2790.97509765625
2676,2791.12109375
2677,2791.56103515625
2678,2791.69091796875
2679,2792.0
2680,2792.43994140625
2681,2792.52197265625
2682,2793.01904296875
2683,2793.056884765625
2684,2793.614013671875
2685,2794.2099609375
2686,2794.261962890625
2687,2795.035888671875
2688,2795.035888671875
2689,2795.694091796875
2690,2796.011962890625
2691,2796.251953125
2692,2797.0009765625
2693,2797.0009765625
2694,2797.7509765625
2695,2798.5
2696,2799.24609375
2697,2800.169921875
2698,2800.169921875
2699,2801.364990234375
2700,2802.361083984375
2701,2802.81201171875
2702,2803.636962890625
2703,2804.068115234375
2704,2804.15087890625
2705,2805.132080078125
2706,2805.43505859375
2707,2806.05810546875
2708,2806.298095703125
2709,2806.548095703125
2710,2807.110107421875
2711,2807.322021484375
2712,2807.631103515625
2713,2808.094970703125
2714,2808.2060546875
2715,2808.885009765625
2716,2809.2109375
2717,2809.444091796875
2718,2809.97802734375
2719,2810.531982421875
2720,2811.241943359375
2721,2811.595947265625
2722,2811.7509765625
2723,2812.22900390625
2724,2812.781005859375
2725,2813.55908203125
2726,2814.14111328125
2727,2814.26708984375
2728,2814.554931640625
2729,2814.968017578125
2730,2815.778076171875
2731,2815.778076171875
2732,2816.534912109375
2733,2817.299072265625
2734,2817.862060546875
2735,2818.653076171875
2736,2818.903076171875
2737,2819.47412109375
2738,2820.375
2739,2820.946044921875
2740,2821.93408203125
2741,2822.39501953125
2742,2823.176025390625
2743,2823.8369140625
2744,2824.197998046875
2745,2824.85888671875
2746,2825.135009765625
2747,2825.89404296875
2748,2826.60791015625
2749,2826.989013671875
2750,2827.195068359375
2751,2828.25390625
2752,2828.98193359375
2753,2830.501953125
2754,2831.427001953125
2755,2832.285888671875
2756,2834.070068359375
2757,2834.9951171875
2758,2836.498046875
2759,2837.2529296875
2760,2837.844970703125
2761,2839.39697265625
2762,2840.27294921875
2763,2841.823974609375
2764,2843.3759765625
2765,2843.3759765625
2766,2844.760009765625
2767,2845.490966796875
2768,2846.488037109375
2769,2847.486083984375
2770,2847.486083984375
2771,2848.48291015625
2772,2849.469970703125
2773,2850.631103515625
2774,2850.922119140625
2775,2851.81396484375
2776,2852.95703125
2777,2853.6279296875
2778,2854.778076171875
2779,2855.221923828125
2780,2856.013916015625
2781,2857.222900390625
2782,2858.041015625
2783,2859.3359375
2784,2859.777099609375
2785,2860.632080078125
2786,2861.85498046875
2787,2862.762939453125
2788,2864.239990234375
2789,2864.699951171875
2790,2865.717041015625
2791,2866.7470703125
2792,2867.64501953125
2793,2868.193115234375
2794,2869.52490234375
2795,2870.571044921875
2796,2872.159912109375
2797,2873.387939453125
2798,2873.387939453125
2799,2874.60498046875
2800,2875.3759765625
2801,2876.138916015625
2802,2876.79296875
2803,2876.79296875
2804,2877.535888671875
2805,2878.2900390625
2806,2879.02099609375
2807,2879.60302734375
2808,2879.60302734375
2809,2880.19189453125
2810,2880.31396484375
2811,2880.98388671875
2812,2882.48291015625
2813,2882.48291015625
2814,2883.77001953125
2815,2884.833984375
2816,2885.449951171875
2817,2885.43798828125
2818,2886.1708984375
2819,2886.912109375
2820,2887.280029296875
2821,2887.7099609375
2822,2887.837890625
2823,2888.138916015625
2824,2889.0419921875
2825,2889.676025390625
2826,2890.282958984375
2827,2890.201904296875
2828,2890.931884765625
2829,2891.364990234375
2830,2891.614990234375
2831,2892.153076171875
2832,2891.804931640625
2833,2892.343994140625
2834,2892.508056640625
2835,2892.4970703125
2836,2892.4970703125
2837,2892.6201171875
2838,2893.33203125
2839,2893.4208984375
2840,2893.51708984375
2841,2893.51708984375
2842,2893.492919921875
2843,2894.029052734375
2844,2893.777099609375
2845,2893.3291015625
2846,2893.3291015625
2847,2892.762939453125
2848,2893.2060546875
2849,2892.6689453125
2850,2892.297119140625
2851,2892.297119140625
2852,2892.0439453125
2853,2892.48095703125
2854,2892.02490234375
2855,2891.635009765625
2856,2892.2939453125
2857,2892.237060546875
2858,2892.31103515625
2859,2893.09912109375
2860,2892.491943359375
2861,2893.337890625
2862,2893.56201171875
2863,2894.14111328125
2864,2896.637939453125
2865,2895.81689453125
2866,2897.409912109375
2867,2898.197021484375
2868,2899.02587890625
2869,2900.137939453125
2870,2899.863037109375
2871,2900.76904296875
2872,2901.285888671875
2873,2901.93994140625
2874,2902.9208984375
2875,2902.47412109375
2876,2903.427001953125
2877,2903.841064453125
2878,2904.237060546875
2879,2904.237060546875
2880,2904.5791015625
2881,2905.347900390625
2882,2905.577880859375
2883,2905.535888671875
2884,2905.535888671875
2885,2905.493896484375
2886,2905.98388671875
2887,2905.653076171875
2888,2905.154052734375
2889,2905.154052734375
2890,2904.655029296875
2891,2904.114013671875
2892,2904.089111328125
2893,2903.27197265625
2894,2903.27197265625
2895,2902.31298828125
2896,2901.323974609375
2897,2901.031005859375
2898,2900.3310546875
2899,2900.076904296875
2900,2898.889892578125
2901,2897.48388671875
2902,2897.1201171875
2903,2896.075927734375
2904,2895.7109375
2905,2894.302978515625
2906,2892.89501953125
2907,2892.531005859375
2908,2891.487060546875
2909,2891.1240234375
2910,2889.804931640625
2911,2888.85009765625
2912,2888.781005859375
2913,2888.363037109375
2914,2888.822998046875
2915,2888.721923828125
2916,2888.277099609375
2917,2888.35400390625
2918,2887.866943359375
2919,2887.381103515625
2920,2887.37109375
2921,2886.802978515625
2922,2886.802978515625
2923,2885.987060546875
2924,2885.408935546875
2925,2885.56298828125
2926,2885.4970703125
2927,2885.4970703125
2928,2885.993896484375
2929,2886.1640625
2930,2887.131103515625
2931,2887.757080078125
2932,2887.757080078125
2933,2888.364013671875
2934,2888.655029296875
2935,2889.468017578125
2936,2889.885009765625
2937,2889.885009765625
2938,2890.510986328125
2939,2891.136962890625
2940,2892.10205078125
2941,2891.762939453125
2942,2892.72802734375
2943,2893.35400390625
2944,2893.844970703125
2945,2894.345947265625
2946,2893.97802734375
2947,2894.444091796875
2948,2894.35595703125
2949,2894.56298828125
2950,2895.447021484375
2951,2895.30810546875
2952,2895.887939453125
2953,2896.404052734375
2954,2897.4599609375
2955,2898.6279296875
2956,2897.555908203125
2957,2897.763916015625
2958,2898.31005859375
2959,2899.56396484375
2960,2900.52001953125
2961,2900.095947265625
2962,2900.553955078125
2963,2901.669921875
2964,2902.47509765625
2965,2902.47509765625
2966,2903.326904296875
2967,2903.90087890625
2968,2903.89111328125
2969,2904.383056640625
2970,2904.383056640625
2971,2905.757080078125
2972,2906.5029296875
2973,2907.27490234375
2974,2908.01611328125
2975,2908.01611328125
2976,2908.757080078125
2977,2909.527099609375
2978,2910.322021484375
2979,2911.06298828125
2980,2911.087890625
2981,2911.826904296875
2982,2912.248046875
2983,2913.1708984375
2984,2913.0
2985,2913.655029296875
2986,2914.43310546875
2987,2914.868896484375
2988,2915.58203125
2989,2915.16796875
2990,2915.447998046875
2991,2915.9580078125
2992,2916.346923828125
2993,2916.943115234375
2994,2916.487060546875
2995,2916.343994140625
2996,2917.333984375
2997,2917.362060546875
2998,2918.087890625
2999,2917.389892578125
3000,2917.56689453125
3001,2918.318115234375
3002,2918.366943359375
3003,2918.366943359375
3004,2918.262939453125
3005,2918.072021484375
3006,2918.972900390625
3007,2919.447021484375
3008,2919.447021484375
3009,2920.139892578125
3010,2920.2958984375
3011,2920.73193359375
3012,2921.006103515625
3013,2920.64794921875
3014,2921.177001953125
3015,2921.365966796875
3016,2921.905029296875
3017,2922.197998046875
3018,2921.862060546875
3019,2922.2919921875
3020,2922.360107421875
3021,2923.093994140625
3022,2923.929931640625
3023,2923.864013671875
3024,2924.490966796875
3025,2924.72412109375
3026,2925.428955078125
3027,2925.381103515625
3028,2926.048095703125
3029,2926.79296875
3030,2927.301025390625
3031,2928.177978515625
3032,2927.818115234375
3033,2928.326904296875
3034,2928.89794921875
3035,2929.04296875
3036,2930.10400390625
3037,2929.587890625
3038,2930.537109375
3039,2931.741943359375
3040,2933.35595703125
3041,2935.305908203125
3042,2934.969970703125
3043,2939.24609375
3044,2941.583984375
3045,2942.777099609375
3046,2941.925048828125
3047,2943.968994140625
3048,2945.160888671875
3049,2947.205078125
3050,2948.39697265625
3051,2947.544921875
3052,2949.589111328125
3053,2950.781005859375
3054,2952.824951171875
3055,2954.01708984375
3056,2953.166015625
3057,2955.208984375
3058,2956.40087890625
3059,2958.445068359375
3060,2959.510009765625
3061,2958.9951171875
3062,2961.180908203125
3063,2960.77099609375
3064,2961.1650390625
3065,2960.73388671875
3066,2959.847900390625
3067,2959.928955078125
3068,2959.656982421875
3069,2960.01806640625
3070,2958.923095703125
3071,2958.528076171875
3072,2959.368896484375
3073,2959.719970703125
3074,2960.070068359375
3075,2960.070068359375
3076,2960.319091796875
3077,2961.14404296875
3078,2961.02587890625
3079,2960.89990234375
3080,2960.89990234375
3081,2961.052001953125
3082,2961.35400390625
3083,2962.12109375
3084,2962.4189453125
3085,2962.4189453125
3086,2962.47705078125
3087,2963.320068359375
3088,2963.287109375
3089,2963.18896484375
3090,2964.347900390625
3091,2964.800048828125
3092,2965.303955078125
3093,2965.64501953125
3094,2965.60693359375
3095,2966.169921875
3096,2966.885986328125
3097,2967.7041015625
3098,2968.429931640625
3099,2968.25390625
3100,2969.10107421875
3101,2969.81396484375
3102,2970.9130859375
3103,2972.069091796875
3104,2973.0400390625
3105,2974.466064453125
3106,2978.680908203125
3107,2983.208984375
3108,2983.208984375
3109,2988.097900390625
3110,2991.83203125
3111,2997.110107421875
3112,3002.294921875
3113,3002.294921875
3114,3006.2109375
3115,3009.299072265625
3116,3013.215087890625
3117,3017.1298828125
3118,3017.1298828125
3119,3020.87890625
3120,3022.166015625
3121,3024.722900390625
3122,3027.280029296875
3123,3027.280029296875
3124,3029.8369140625
3125,3031.177978515625
3126,3033.6650390625
3127,3036.2099609375
3128,3036.2099609375
3129,3038.77001953125
3130,3040.135009765625
3131,3042.655029296875
3132,3043.825927734375
3133,3045.139892578125
3134,3046.93798828125
3135,3049.06298828125
3136,3049.89892578125
3137,3051.18701171875
3138,3052.02294921875
3139,3055.1689453125
3140,3057.989990234375
3141,3059.806884765625
3142,3060.6669921875
3143,3062.493896484375
3144,3064.9609375
3145,3067.3740234375
3146,3068.9990234375
3147,3069.7880859375
3148,3071.412109375
3149,3073.825927734375
3150,3076.035888671875
3151,3076.035888671875
3152,3078.238037109375
3153,3079.444091796875
3154,3081.64697265625
3155,3083.84912109375
3156,3083.84912109375
3157,3085.804931640625
3158,3086.5869140625
3159,3087.72900390625
3160,3089.615966796875
3161,3089.615966796875
3162,3091.681884765625
3163,3092.48193359375
3164,3094.09912109375
3165,3095.658935546875
3166,3095.658935546875
3167,3096.280029296875
3168,3097.111083984375
3169,3098.055908203125
3170,3099.01806640625
3171,3099.01806640625
3172,3099.824951171875
3173,3101.02294921875
3174,3101.547119140625
3175,3102.097900390625
3176,3102.623046875
3177,3103.68603515625
3178,3104.337890625
3179,3104.491943359375
3180,3104.95703125
3181,3105.215087890625
3182,3106.510009765625
3183,3107.785888671875
3184,3108.2080078125
3185,3108.73291015625
3186,3109.257080078125
3187,3110.423095703125
3188,3111.44091796875
3189,3111.93798828125
3190,3112.322998046875
3191,3112.969970703125
3192,3114.136962890625
3193,3115.785888671875
3194,3115.785888671875
3195,3116.8369140625
3196,3118.489990234375
3197,3119.58203125
3198,3120.76904296875
3199,3120.76904296875
3200,3121.7041015625
3201,3122.739990234375
3202,3123.485107421875
3203,3123.81103515625
3204,3123.81103515625
3205,3123.971923828125
3206,3125.202880859375
3207,3125.951904296875
3208,3127.177001953125
3209,3127.177001953125
3210,3128.65087890625
3211,3129.654052734375
3212,3130.0791015625
3213,3131.159912109375
3214,3131.159912109375
3215,3132.013916015625
3216,3132.7880859375
3217,3133.196044921875
3218,3133.4599609375
3219,3133.842041015625
3220,3134.5419921875
3221,3134.988037109375
3222,3135.530029296875
3223,3135.72607421875
3224,3136.26806640625
3225,3137.006103515625
3226,3137.743896484375
3227,3138.2529296875
3228,3138.5869140625
3229,3139.136962890625
3230,3139.297119140625
3231,3139.698974609375
3232,3139.743896484375
3233,3140.083984375
3234,3140.85400390625
3235,3141.10693359375
3236,3141.821044921875
3237,3141.821044921875
3238,3142.56201171875
3239,3143.202880859375
3240,3143.18994140625
3241,3143.93408203125
3242,3143.93408203125
3243,3144.81103515625
3244,3145.447998046875
3245,3145.756103515625
3246,3146.280029296875
3247,3146.280029296875
3248,3147.10107421875
3249,3147.965087890625
3250,3148.26806640625
3251,3149.049072265625
3252,3149.049072265625
3253,3149.782958984375
3254,3150.43408203125
3255,3150.94189453125
3256,3151.552978515625
3257,3152.070068359375
3258,3153.0859375
3259,3154.126953125
3260,3154.56689453125
3261,3154.9580078125
3262,3155.845947265625
3263,3156.47900390625
3264,3157.60498046875
3265,3157.89990234375
3266,3158.44091796875
3267,3159.20703125
3268,3159.468994140625
3269,3160.3369140625
3270,3160.596923828125
3271,3161.076904296875
3272,3161.81689453125
3273,3162.052978515625
3274,3162.6669921875
3275,3162.68798828125
3276,3163.04296875
3277,3163.35400390625
3278,3163.18408203125
3279,3163.528076171875
3280,3163.528076171875
3281,3163.85888671875
3282,3164.19091796875
3283,3164.202880859375
3284,3164.72998046875
3285,3164.72998046875
3286,3165.444091796875
3287,3166.555908203125
3288,3167.030029296875
3289,3168.14111328125
3290,3168.382080078125
3291,3168.52392578125
3292,3168.81591796875
3293,3168.958984375
3294,3169.2509765625
3295,3169.40087890625
3296,3169.5439453125
3297,3169.8359375
3298,3169.97900390625
3299,3170.1279296875
3300,3170.419921875
3301,3170.56298828125
3302,3170.85498046875
3303,3170.998046875
3304,3171.14697265625
3305,3171.43994140625
3306,3171.58203125
3307,3171.875
3308,3172.01708984375
3309,3172.179931640625
3310,3172.64599609375
3311,3172.705078125
3312,3172.89404296875
3313,3172.992919921875
3314,3173.10205078125
3315,3173.30908203125
3316,3173.406982421875
3317,3173.68798828125
3318,3173.826904296875
3319,3173.77490234375
3320,3173.6279296875
3321,3173.590087890625
3322,3173.39990234375
3323,3173.10498046875
3324,3173.111083984375
3325,3172.845947265625
3326,3172.833984375
3327,3172.508056640625
3328,3172.529052734375
3329,3172.489990234375
3330,3172.339111328125
3331,3172.219970703125
3332,3171.906005859375
3333,3171.633056640625
3334,3171.446044921875
3335,3170.818115234375
3336,3170.6240234375
3337,3169.99609375
3338,3169.56298828125
3339,3169.337890625
3340,3168.777099609375
3341,3168.5830078125
3342,3168.070068359375
3343,3167.450927734375
3344,3167.156982421875
3345,3166.075927734375
3346,3165.652099609375
3347,3165.672119140625
3348,3164.989013671875
3349,3164.68505859375
3350,3163.885986328125
3351,3163.071044921875
3352,3163.071044921875
